{"conf_mat_table": {"_type": "table-file", "sha256": "183c63942dc5e71c4dff5bd9d153608b29ed64d821e7bf8e27cdbb509f608bc3", "size": 1367, "artifact_path": "wandb-client-artifact://4kp1tax5hjxb7vgipuzm2pvgfoshjhy76l2aceadwroeine4l87b8jhfh2pcc553q0hbv061nmb8rnrs793pdpvysek3w272rz6cfht2sq4jn0sxjqs1sffy6nrs9wfm:latest/conf_mat_table.table.json", "_latest_artifact_path": "wandb-client-artifact://4kp1tax5hjxb7vgipuzm2pvgfoshjhy76l2aceadwroeine4l87b8jhfh2pcc553q0hbv061nmb8rnrs793pdpvysek3w272rz6cfht2sq4jn0sxjqs1sffy6nrs9wfm:latest/conf_mat_table.table.json", "path": "media/table/conf_mat_table_38_183c63942dc5e71c4dff.table.json", "ncols": 3, "nrows": 36}, "_timestamp": 1680633953.2574573, "_runtime": 774.4090762138367, "_step": 39, "train acc": 40.01781366902203, "test acc": 38.482185273159146, "loss": 1.5220588631203202, "_wandb": {"runtime": 774}}