{"train acc": 16.966530095204163, "test acc": 9.297307996832938, "loss": 1.7921243094284711, "_timestamp": 1680206741.0664356, "_runtime": 155.69054055213928, "_step": 0, "_wandb": {"runtime": 188}}