{"train acc": 43.550462165746296, "test acc": 38.788598574821854, "loss": 1.432235120799291, "_timestamp": 1680078239.5804813, "_runtime": 1320.0762913227081, "_step": 6, "_wandb": {"runtime": 1529}}