{"train acc": 59.76782851374622, "test acc": 34.663499604117185, "loss": 1.6439666120629561, "_timestamp": 1680219003.4854856, "_runtime": 263.14421343803406, "_step": 1, "_wandb": {"runtime": 273}}