{"train acc": 0.0, "test acc": 34.726840855106886, "loss": 1.6926509141921997, "_timestamp": 1680205641.0237336, "_runtime": 26.47356867790222, "_step": 0, "_wandb": {"runtime": 51}}