{"train acc": 16.966530095204163, "test acc": 9.297307996832938, "loss": 1.7921243094284711, "_timestamp": 1680214532.412225, "_runtime": 144.36082911491394, "_step": 0, "_wandb": {"runtime": 169}}