{"train acc": 39.93428735427429, "test acc": 38.513460015835314, "loss": 1.5191150773823956, "_timestamp": 1680046192.2314892, "_runtime": 9681.057817220688, "_step": 49, "_wandb": {"runtime": 9764}}