{"train acc": 45.68216455871583, "test acc": 39.15083135391924, "loss": 1.3801283789979808, "_timestamp": 1680033021.7747428, "_runtime": 8437.255737781525, "_step": 39, "_wandb": {"runtime": 10766}}