{"train acc": 16.966530095204163, "test acc": 9.297307996832938, "loss": 1.7921243094284711, "_timestamp": 1680205929.4385908, "_runtime": 166.50440168380737, "_step": 0, "_wandb": {"runtime": 201}}