{"train acc": 16.966530095204163, "test acc": 9.297307996832938, "loss": 1.7921243094284711, "_timestamp": 1680207013.1816876, "_runtime": 219.83081650733948, "_step": 0, "_wandb": {"runtime": 261}}