{"train acc": 59.66985333412505, "test acc": 34.72882026920032, "loss": 1.6468618918802136, "_timestamp": 1680218656.733169, "_runtime": 327.0063421726227, "_step": 1, "_wandb": {"runtime": 342}}