{"train acc": 55.68404489044593, "test acc": 37.92557403008709, "loss": 1.4734656908358748, "_timestamp": 1680226739.5780854, "_runtime": 7687.968242406845, "_step": 59, "_wandb": {"runtime": 7718}}