{"train acc": 50.0, "test acc": 31.599366587490103, "loss": 1.9713329076766968, "_timestamp": 1680218245.32783, "_runtime": 115.26704716682434, "_step": 3, "_wandb": {"runtime": 121}}