{"train acc": 0.0, "test acc": 34.726840855106886, "loss": 1.6926509141921997, "_timestamp": 1680205372.1486154, "_runtime": 26.334059476852417, "_step": 0, "_wandb": {"runtime": 34}}