{"train acc": 42.830987866912096, "test acc": 38.721298495645286, "loss": 1.4478268484197239, "_timestamp": 1680059316.9657845, "_runtime": 12213.995013475418, "_step": 69, "_wandb": {"runtime": 12213}}