{"train acc": 16.966530095204163, "test acc": 9.297307996832938, "loss": 1.7921243094284711, "_timestamp": 1680206262.5171845, "_runtime": 180.9747405052185, "_step": 0, "_wandb": {"runtime": 180}}