{"train acc": 40.18466836886171, "test acc": 38.26603325415677, "loss": 1.5148975389940729, "_timestamp": 1680046664.5881646, "_runtime": 311.72663044929504, "_step": 1}