{"train acc": 16.81907250163292, "test acc": 16.64885193982581, "loss": 1.7790206137334326, "_timestamp": 1680215215.9810796, "_runtime": 588.0396156311035, "_step": 2, "_wandb": {"runtime": 629}}